"sessiontitle","day","time","contenttrack","type","speakers","speakerpics","moderator-facilitator","venue"
"Registrations Open (Day-1)",""Day 1 - Friday, 6 Jan"","09:00","Registration","","","","","Expo Center Lahore"
"Doors Closed",""Day 1 - Friday, 6 Jan"","09:45 ","Opening Ceremony (VIP-only)","","","","","Pheonix Auditorium @Convention"
"Opening Ceremony Starts",""Day 1 - Friday, 6 Jan"","09:55","Opening Ceremony (VIP-only)","Performance","","","","Pheonix Auditorium @Convention"
"Keynote by Provincial IT Minister",""Day 1 - Friday, 6 Jan"","10:45","Opening Ceremony (VIP-only)","Keynote","Dr. Arslan Khalid, Special Adviser to CM Punjab on IT - Government of Punjab","","","Pheonix Auditorium @Convention"
"Saudi Ecosystem and Expansion Opportunities  ",""Day 1 - Friday, 6 Jan"","10:55","Opening Ceremony (VIP-only)","Fireside Chat","Abdel Karim Samakie, Innovation Driven Enterprise Director - Digital Cooperation Organization, Rizwan Saeed Sheikh, Additional Foreign Secretary for Middle East - Ministry of Foreign Affairs Islamabad","Abdel Karim Samakie.png (https://dl.airtable.com/.attachments/98710d307f0f7d426348c4b9034a299e/5be3cc1b/AbdelKarimSamakie.png),Rizwan Saeed Sheikh.png (https://dl.airtable.com/.attachments/bf5a8d115d2a171828436d10ae0134ca/febbec43/RizwanSaeedSheikh.png)","","Pheonix Auditorium @Convention"
"Closing Keynote by Chief Guest",""Day 1 - Friday, 6 Jan"","11:00 ","Opening Ceremony (VIP-only)","Keynote","President Dr. Arif Alvi,  - ","President Dr. Arif Alvi.png (https://dl.airtable.com/.attachments/2a704e3af86b6a533e1bb5b55e975503/df7d6478/PresidentDr.ArifAlvi.png)","","Pheonix Auditorium @Convention"
"Announcements",""Day 1 - Friday, 6 Jan"","11:15","Opening Ceremony (VIP-only)","Announcements","","","","Pheonix Auditorium @Convention"
"Awards",""Day 1 - Friday, 6 Jan"","11:25","Opening Ceremony (VIP-only)","Announcements","","","","Pheonix Auditorium @Convention"
"Opening Ends",""Day 1 - Friday, 6 Jan"","11:35","Opening Ceremony (VIP-only)","","","","","Pheonix Auditorium @Convention"
"Doors Closed",""Day 1 - Friday, 6 Jan"","11:50","World View","","","","","Pheonix Auditorium @Convention"
"Keynote: Future of EVs ",""Day 1 - Friday, 6 Jan"","12:00 ","World View","Keynote","Faisal Sultan, VP &amp; Managing Director - Lucid","Faisal Sultan.png (https://dl.airtable.com/.attachments/9e1152c85ee7a3dcc86beee097f98fd5/bf719498/FaisalSultan.png)","","Pheonix Auditorium @Convention"
"Keynote by Irfan Wahab Khan",""Day 1 - Friday, 6 Jan"","12:15","World View","Keynote","IRFAN UL WAHAB KHAN, CEO - Telenor Pakistan","","","Pheonix Auditorium @Convention"
"How to widen the circle of trust across borders",""Day 1 - Friday, 6 Jan"","12:30 ","World View","Fireside Chat","Kristin Anderssen, CEO - Make-A-Wish Norway, Arzish Azam, CEO - Ejad Labs / Future Fest","Make-A-Wish Norway.png (https://dl.airtable.com/.attachments/5a7c6ea3b362a5381287bb44e38f8bd7/af7fa7c5/Make-A-WishNorway.png),Arzish Azam.png (https://dl.airtable.com/.attachments/3880a26367bfb007cfc966350833108d/9c3facd7/ArzishAzam.png)","","Pheonix Auditorium @Convention"
"Keynote: Oliver Oehms",""Day 1 - Friday, 6 Jan"","12:45 ","World View","Keynote","Oliver Oehms, CEO - German Emirati Joint Council for Industry &amp; Commerce (AHK)","Oliver Oehms.png (https://dl.airtable.com/.attachments/79bb51354cc950ca65409921185b38bd/36f834e9/OliverOehms.png)","","Pheonix Auditorium @Convention"
"Keynote: Innovation Economy vs Knowledge Economy",""Day 1 - Friday, 6 Jan"","13:00 ","World View","Keynote","Dr. Umar Saif, Founder &amp; CEO - Survey Auto","Dr. Umar Saif.png (https://dl.airtable.com/.attachments/6a11154aa23efdff69d65e0be9b50cf2/0036e459/Dr.UmarSaif.png)","","Pheonix Auditorium @Convention"
"Is Ride Sharing the Future of Mobility? ",""Day 1 - Friday, 6 Jan"","13:10","World View","Panel Discussion","Adeniyi Adebayo, CBDO - Yango, Musstanser Tinauli, CEO | CDO - Fori Inc | Hayk AS, Maha Shahzad, Founder - Buscaro Technologies","Adeniyi Adebayo.jpg.png (https://dl.airtable.com/.attachments/1836ff4ad38359e522e8d6c7c2c4faac/bd3304ee/AdeniyiAdebayo.jpg.png),Musstanser Tinauli.png (https://dl.airtable.com/.attachments/29ed67970a4016bb40c72d703aadbd47/a5ec8d29/MusstanserTinauli.png),Maha Shahzad.png (https://dl.airtable.com/.attachments/4baa83b63d4e32afcda691c28875e9c4/bf732827/MahaShahzad.png)","","Pheonix Auditorium @Convention"
"Eyes on MENAP: The VC Landscape &amp; Pakistan as an Emerging Market",""Day 1 - Friday, 6 Jan"","13:35","World View","Panel Discussion","Muhammad Omer Zabit, Principal  - Shorooq Partners, Mohammed Alzubi, Founder &amp; Managing Partner - Nama Ventures, Omar Shah, Founder &amp; CEO - COLABS, Areeb Zafer, Analyst - Indus Valley Capital","Muhammad Omer Zabit.jpg.png (https://dl.airtable.com/.attachments/65780ba1760600f158046686400ba8d0/a0e872ab/MuhammadOmerZabit.jpg.png),Mohammed Alzubi.png (https://dl.airtable.com/.attachments/40ec8b40dc3ebb4edeca6c6dbf0afe75/bc23835b/MohammedAlzubi.png),Omar Shah.png (https://dl.airtable.com/.attachments/b429e13a0bbdd8a14a03d38e775045dc/cf0c0107/OmarShah.png),Areeb Zafer.png (https://dl.airtable.com/.attachments/f7fee8ecaf12550ea1816a3cb2587281/97d99b36/AreebZafer.png)","Carl Grant, CEO - Connexa Partners","Pheonix Auditorium @Convention"
"Keynote: Monis Rahman",""Day 1 - Friday, 6 Jan"","14:15","World View","Keynote","Monis Rahman, Co-Founder / CEO  - Dukan / Rozee / Finja","Monis Ur Rahmaan.png (https://dl.airtable.com/.attachments/46a8e1378fe745d863bbdf9290149b4f/5b58c3da/MonisUrRahmaan.png)","","Pheonix Auditorium @Convention"
"Keynote: Ahsan Jamil",""Day 1 - Friday, 6 Jan"","14:30","World View","Keynote","Ahsan Jamil, Managing Partner - SAI Venture Capital","Ahsan Jamil.png (https://dl.airtable.com/.attachments/e77001e917e755ed5967101d104e990f/219e92a2/AhsanJamil.png)","","Pheonix Auditorium @Convention"
"Accelerating Financial Inclusion with Emerging Technologies",""Day 1 - Friday, 6 Jan"","14:45","World View","Keynote","Muhammad Salman Anjum, CEO - InvoiceMate","","","Pheonix Auditorium @Convention"
"Why Ammipreneurs are the biggest disruptor of this decade?",""Day 1 - Friday, 6 Jan"","15:00","World View","Keynote","Ayesha Nasir, CEO / Founder - ScaryAmmi","Ayesha Nasir.png (https://dl.airtable.com/.attachments/200bb559a09720b319511790c40480a1/28f54063/AyeshaNasir.png)","","Pheonix Auditorium @Convention"
"Coke Studio as Pakistan's Biggest Cultural Export",""Day 1 - Friday, 6 Jan"","15:10","World View","Fireside Chat","","","","Pheonix Auditorium @Convention"
"Keynote: Saad Fazil ",""Day 1 - Friday, 6 Jan"","15:30","World View","Keynote","Saad Fazil, Consultant - Alt Ventures","Saad Fazil.png (https://dl.airtable.com/.attachments/b104e0a9c8804166744393ad71ce9649/3c2127b2/SaadFazil.png)","","Pheonix Auditorium @Convention"
"Keynote: Noman Azhar ",""Day 1 - Friday, 6 Jan"","15:45","World View","Keynote","Noman Azhar, CHIEF OFFICER  - JS BANK- ZINDIGI ","Noman Azhar.png (https://dl.airtable.com/.attachments/d42e08acf6a3131cce7a494fc83b156e/026587ee/NomanAzhar.png)","","Pheonix Auditorium @Convention"
"Future of Agriculture &amp; Food Insecurity in Pakistan ",""Day 1 - Friday, 6 Jan"","16:00","World View","Fireside Chat","Ahmad Mukhtar, Senior Economist  - Food and Agriculture Organization of the United Nations","Ahmad Mukhtar.png (https://dl.airtable.com/.attachments/934729eb1d5a7a2025dae9eb7de4e19b/798a43b0/AhmadMukhtar.png)","Asim Ghaffar, Cofounder - EasyFresh Technologies","Pheonix Auditorium @Convention"
"Keynote: Junaid Qurashi",""Day 1 - Friday, 6 Jan"","16:15","World View","Keynote","Junaid Qurashi, President - OPEN Silicon Valley","Junaid Qurashi.png (https://dl.airtable.com/.attachments/d975a3de03701862460259e825115c56/61843cfb/JunaidQurashi.png)","","Pheonix Auditorium @Convention"
"Creativity in the Era of Emerging Technologies",""Day 1 - Friday, 6 Jan"","16:30-17:50","Creative Economy ","","Shahnawaz Chughtai (Shani), CEO &amp; Chief Consultant - Propel Institute, Bee Tech Digital","Shahnawaz Chughtai (Shani).png (https://dl.airtable.com/.attachments/2fade0333a9392501106e247d1a47fbd/bdec2a4d/ShahnawazChughtaiShani.png)","","Pheonix Auditorium @Convention"
"Keynote",""Day 1 - Friday, 6 Jan"","17:50","Creative Economy ","Keynote","","Ans Shabbir.png (https://dl.airtable.com/.attachments/a4388d3d74ff42c9ac9a2140b39b92c1/86148a20/AnsShabbir.png)","","Pheonix Auditorium @Convention"
"Opening Keynote: How Games industry can Change Pakistan Economy",""Day 1 - Friday, 6 Jan"","18:00","Gaming","Keynote","Saad Hameed Khan, CEO - Game District","saad hameed khan.png (https://dl.airtable.com/.attachments/6a7896757b429546dfa7a6f9130b89d9/a561de91/saadhameedkhan.png)","","Pheonix Auditorium @Convention"
"Growth in Gaming Industry in the Last 3 Years",""Day 1 - Friday, 6 Jan"","18:10","Gaming","Panel Discussion","","","Navera Emran, Founder &amp; CEO  - GiGA Studios (Get into Games Anywhere)","Pheonix Auditorium @Convention"
"Can Pakistan be the next big force in gaming industry?",""Day 1 - Friday, 6 Jan"","18:45","Gaming","Panel Discussion","Saad Hameed Khan, CEO - Game District","saad hameed khan.png (https://dl.airtable.com/.attachments/6a7896757b429546dfa7a6f9130b89d9/a561de91/saadhameedkhan.png)","Masooma Zeeshan, Cofounder and CEO - GameTrain","Pheonix Auditorium @Convention"
"Closing Keynote by Curator",""Day 1 - Friday, 6 Jan"","19:20","Gaming","Keynote","Masooma Zeeshan, Cofounder and CEO - GameTrain","","","Pheonix Auditorium @Convention"
"Keynote by Mario Rizzo",""Day 1 - Friday, 6 Jan"","19:30","Gaming","Keynote","Mario Rizzo, Co-Founder and CEO - Artisan Studios, Inc.","Mario Rizzo.png (https://dl.airtable.com/.attachments/75049d90f9da5b942f2277a24caf4e28/e09d7f2c/MarioRizzo.png)","","Pheonix Auditorium @Convention"
"Day Ends",""Day 1 - Friday, 6 Jan"","20:00","Gaming","","","","","Pheonix Auditorium @Convention"
"Doors Closed",""Day 1 - Friday, 6 Jan"","11:50","","","","","","Orion Auditorium @Convention"
"Role of Crypto &amp; Blockchain in Shaping Startups and Business in Pakistan and the Wider Region",""Day 1 - Friday, 6 Jan"","12:00","web3 / Blockchain","Keynote","","","","Orion Auditorium @Convention"
"Web3, E-Governance &amp; the Future of Digital Democracy in Pakistan",""Day 1 - Friday, 6 Jan"","12:10","web3 / Blockchain","Panel Discussion","Muhammad Salman Khan, Co-founder &amp; CGO - Xord, Noshad Minhas, Country Head Fasset  - Fasset , Khurram Shaikh, CTO - Kistpay, Mohammed Ibrahim Jega, Co-founder  - Domineum Blockchain Solutions Ltd ","Muhammad Salman Khan.png (https://dl.airtable.com/.attachments/f2eac88eee58533774be0c1fd585a6e9/89b1ed3b/MuhammadSalmanKhan.png),Khurram Shaikh.png (https://dl.airtable.com/.attachments/82bfbc5a585213e6afc70fbb237b3607/c3ab1e08/KhurramShaikh.png)","","Orion Auditorium @Convention"
"Unpacking the role of centralized exchanges in the web3 ecosystem",""Day 1 - Friday, 6 Jan"","12:45","web3 / Blockchain","Panel Discussion","Humza Khan, Growth Manager - Binance, Zeeshan Ahmed, Country GM  - Rain Financials , Saba Kalsoom , Director Ecosystem and Partnerships  - Fasset ","Humza Khan.png (https://dl.airtable.com/.attachments/4a7c4f2e6bca500a809a8fa3420b620b/4d20db3f/HumzaKhan.png),Zeeshan Ahmed.png (https://dl.airtable.com/.attachments/2929f0818d2561be7c800207519c7958/1edefc43/ZeeshanAhmed.png),Saba Kalsoom.png (https://dl.airtable.com/.attachments/d4883956b2399e4165d775a6c935f9be/a3ed13fb/SabaKalsoom.png)","","Orion Auditorium @Convention"
"Exploring the boundless possibilities of the Metaverse: a new digital frontier for commerce, creativity, and connection",""Day 1 - Friday, 6 Jan"","13:15","web3 / Blockchain","Panel Discussion","Muhammad Ahsan Imitaz, CEO  - Narsun Studios, Muhammad Furqan Aziz, Founder &amp; CEO - InvoZone, Umair Javed, Founder &amp; CEO - tkxel, Ali Zain, Chief Executive Officer - Ideofuzion","Muhammad Ahsan Imitaz.png (https://dl.airtable.com/.attachments/06728f946a54130d1a2c57e0dce0c322/34eb066b/MuhammadAhsanImitaz.png),Muhammad Furqan Aziz.png (https://dl.airtable.com/.attachments/f7e728a3d680a36c5fdfd40a62fa12e9/a6c1c83d/MuhammadFurqanAziz.png),Umair Javed.png (https://dl.airtable.com/.attachments/1b9e5ef24e9891b0c818ac5b216932bc/72c1b570/UmairJaved.png),Ali Zain.png (https://dl.airtable.com/.attachments/2a39be9257eae21e2c959743083284a2/9da7d81e/AliZain.png)","Nazim Hasham, Business Advisor - Departure Lounge ","Orion Auditorium @Convention"
"Decentralized Finance (DeFi):  challenging the dominance of traditional finance",""Day 1 - Friday, 6 Jan"","13:50","web3 / Blockchain","Panel Discussion","Maryam Wraich, Management Consulting Manager - Accenture, Nida Sumar , Founder  - 60 Day Startups , Mohammed Ali Baig, Founder - Digital Currency Industries, Michael Healy, co-founder - Unit Network","Maryam Wraich.png (https://dl.airtable.com/.attachments/e77dca321eb54bea0d0fbefdee979972/b92aeb84/MaryamWraich.png),Nida Sumar.png (https://dl.airtable.com/.attachments/7481b9b49cb060c18695a9b623f6f9b4/76fcbbb8/NidaSumar.png),Mohammed Ali Baig.png (https://dl.airtable.com/.attachments/0eef300c879f5b235406cdee61e18396/7ce26ed1/MohammedAliBaig.png)","","Orion Auditorium @Convention"
"Keynote: Security in Web3: How Web2 Security Researchers can utilize their skills in Web3",""Day 1 - Friday, 6 Jan"","14:25","web3 / Blockchain","Keynote","Faizan Nehal Siddiqui, Smart Contract Security Auditor - BlockApex &amp; Hackerone","Faizan Nehal Siddiqui.png (https://dl.airtable.com/.attachments/50faf7dec5c9b53e5d1268dba67f2673/d56f4686/FaizanNehalSiddiqui.png)","","Orion Auditorium @Convention"
"Fractionalized ownership: Future of Real Estate?  / Asset rationalization - Where people can invest in portions of property (web3)",""Day 1 - Friday, 6 Jan"","14:35","web3 / Blockchain","Panel Discussion","Jawad Nayyar, Chief Vision Officer  - DAO PropTech, Adeel Javaid Kazmi , Head of Marcom - Nova Group , Mohsin Masud, Founder &amp; CEO - AKRU","Jawad Nayyar.png (https://dl.airtable.com/.attachments/73a3be76772676d01937e1c90ce53cff/5c6aeb09/JawadNayyar.png),Adeel Javaid Kazmi.png (https://dl.airtable.com/.attachments/b1f3ae44c4fade88c85460f0b803b2f8/7671e4ed/AdeelJavaidKazmi.png)","","Orion Auditorium @Convention"
"Keynote by Zain Naqvi",""Day 1 - Friday, 6 Jan"","15:10","web3 / New Media","Keynote","Syed Muhammad Zain Ul Abideen Naqvi, Co-Founder - Alter","Syed Muhammad Zain Ul Abideen Naqvi.png (https://dl.airtable.com/.attachments/18d7e855e35efba6da16e0bfd2897672/f259b14f/SyedMuhammadZainUlAbideenNaqvi.png)","","Orion Auditorium @Convention"
"Future of Music in Web3",""Day 1 - Friday, 6 Jan"","15:20","web3 / New Media","Fireside Chat","","","Syed Muhammad Zain Ul Abideen Naqvi, Co-Founder - Alter","Orion Auditorium @Convention"
"Fireside with Pasoori",""Day 1 - Friday, 6 Jan"","15:55","web3 / New Media","Fireside Chat","Mahina Reki, Lecturer - Nca Lahore ","","","Orion Auditorium @Convention"
"Opening Keynote: Mustafa Najoom",""Day 1 - Friday, 6 Jan"","16:15","Scaling Tech","Keynote","Mustafa Najoom, VP of Marketing &amp; Growth - Gaper.io","","","Orion Auditorium @Convention"
"Scaling Tech Business beyond $20M / annum",""Day 1 - Friday, 6 Jan"","16:30","Scaling Tech","Keynote","","","","Orion Auditorium @Convention"
"Power of Mergers &amp; Acquisitions in Tech Space",""Day 1 - Friday, 6 Jan"","16:45","Scaling Tech","Keynote","","","","Orion Auditorium @Convention"
"Taking Software Companies to PSX",""Day 1 - Friday, 6 Jan"","17:00","Scaling Tech","Keynote","","","","Orion Auditorium @Convention"
"Special Announcement",""Day 1 - Friday, 6 Jan"","17:15","Scaling Tech","Announcements","","","","Orion Auditorium @Convention"
"Building an Ecommerce Brand",""Day 1 - Friday, 6 Jan"","17:55","Ecommerce","Keynote","Mohammed Khanani, CEO - mGadgets","Mohammed Khanani.png (https://dl.airtable.com/.attachments/6e6480398f9bbd98e306f02e4a5c8c40/38fa71d8/MohammedKhanani.png)","","Orion Auditorium @Convention"
"Keynote on Smart Cities",""Day 1 - Friday, 6 Jan"","18:50","Policy &amp; Governance","Keynote","Abid Cheema, Board member and executive Director Business Development - FDHL","Abid Cheema.png (https://dl.airtable.com/.attachments/997df4935e8e46406a9d308414e677f4/343b9806/AbidCheema.png)","","Orion Auditorium @Convention"
"Keynote: Ayesha Sarwari - green investing and what corporates can do ",""Day 1 - Friday, 6 Jan"","19:00","Policy &amp; Governance","Keynote","Aisha Sarwari, Director Public Relations, Communications and Sustainability  - Coca-Cola ","Aisha Sarwari.png (https://dl.airtable.com/.attachments/8eff467b5907f72ceefb9c9975668a96/cfdc1a1f/AishaSarwari.png)","","Orion Auditorium @Convention"
"Climate Finance: Can Pakistan do it? ",""Day 1 - Friday, 6 Jan"","19:15","Policy &amp; Governance","Panel Discussion","Vardah Malik , CEO - Profectus Advisory Services Pvt Ltd , Maha Qasim, CEO - Zero-Point Partners, Saadia Qayyum, Energy Specialist - World Bank , Nameerah Hameed, Engagement Advisor  - Climate Outreach ","Vardah Malik.png (https://dl.airtable.com/.attachments/d71f1636a85731a83914665ad9437db2/db1abd33/VardahMalik.png),Maha Qasim.png (https://dl.airtable.com/.attachments/068a9b92af3865a6271173b62d36055c/c853febd/MahaQasim.png),Saadia Qayyum.png (https://dl.airtable.com/.attachments/f6c0aac66c91b656dacbd97cc932dd4b/27f79c82/SaadiaQayyum.png),Nameerah Hameed.png (https://dl.airtable.com/.attachments/c31a540b68692bfff62af2824b4c6ef2/8f2818d0/NameerahHameed.png)","","Orion Auditorium @Convention"
"Day Ends",""Day 1 - Friday, 6 Jan"","20:00","","","","","","Orion Auditorium @Convention"
"Roundtable  by Gaper.io",""Day 1 - Friday, 6 Jan"","18:00 - 19:30","Scaling Tech","Roundtable","","","Mustafa Najoom, VP of Marketing &amp; Growth - Gaper.io","Roundtable Room"
"Registrations Open (Day-2)",""Day 2 - Saturday, 7 Jan"","09:00","Registration","","","","","Expo Center Lahore"
"How to awaken the giant (meditation session)",""Day 2 - Saturday, 7 Jan"","10:30","World View","Performance","Naeem Zamindar, Founder - Neem","Naeem Zamindar.png (https://dl.airtable.com/.attachments/e1d6db7a9cc1cb35463523224ec6df9f/496b009f/NaeemZamindar.png)","","Pheonix Auditorium @Convention"
"Keynote: Rehan Allahwala Title TBD, a Future you can Make",""Day 2 - Saturday, 7 Jan"","11:00","World View","Keynote","Rehan Allahwala, Founder - Rehan Foundation","Rehan Allahwala.png (https://dl.airtable.com/.attachments/9c240649165e15d4beb8759db4e9c6e0/c7576bc0/RehanAllahwala.png)","","Pheonix Auditorium @Convention"
"Keynote",""Day 2 - Saturday, 7 Jan"","11:10","World View","Keynote","Amer Hashmi,  - ","","","Pheonix Auditorium @Convention"
"Panel: Facilitating Entrepreneurship in Pakistan",""Day 2 - Saturday, 7 Jan"","11:20 - 12:00","World View","Panel Discussion","","","Mubariz Siddiqui, Founder - Carbon Law","Pheonix Auditorium @Convention"
"The Future Depends on Data ",""Day 2 - Saturday, 7 Jan"","12:00","World View","Panel Discussion","Nadeem A. Malik, Director - Enterprise Business Group  - Oracle Pakistan, Syed Abdul Qadir, Executive Director - IT &amp; Cybersecurity Risk - A.F.Ferguson &amp; Co.(PwC Pakistan), Saquib Ahmad, Country Managing Director - SAP, Sadaf Shaikh , HEAD OF IT STRATEGY AND TRANSFORMATION - JS Bank","Nadeem A. Malik.png (https://dl.airtable.com/.attachments/876adb844ee31b54a3f84f10f03c4e97/e3f48304/NadeemA.Malik.png),Syed Abdul Qadir.png (https://dl.airtable.com/.attachments/99d13444682222c426ce880db604991d/76455c56/SyedAbdulQadir.png),Saquib Ahmad.png (https://dl.airtable.com/.attachments/f95ffc74d075cbd44511563ea190b590/7b772e0f/SaquibAhmad.png),Sadaf Shaikh.png (https://dl.airtable.com/.attachments/4fd3b0ad4c43a34dd35af45e3f9d9a50/3c88997a/SadafShaikh.png)","Inam Khawaja, Managing Partner - KLA - Kashir Law Associates &amp; KLADelta","Pheonix Auditorium @Convention"
"Keynote",""Day 2 - Saturday, 7 Jan"","12:35","World View","Keynote","Farhan Javed, Group Director - Graana","Farhan Javed.png (https://dl.airtable.com/.attachments/ce80309300314377c09ac581810766bd/ec92e3ac/FarhanJaved.png)","","Pheonix Auditorium @Convention"
"Keynote",""Day 2 - Saturday, 7 Jan"","12:45","World View","Keynote","Syed Sohail Hussain Naqvi, CEO - KnowlEDGE Streams (Pvt.) Ltd.","Syed Sohail Hussain Naqvi.png (https://dl.airtable.com/.attachments/44c29f2d9773fc690ead09030528351e/fb21e3e8/SyedSohailHussainNaqvi.png)","","Pheonix Auditorium @Convention"
"“East meets West”: Talking about Cultural Differences in Business",""Day 2 - Saturday, 7 Jan"","12:55","World View","Keynote","Carl Grant, CEO - Connexa Partners","Carl Grant.png (https://dl.airtable.com/.attachments/a603521583b91a02810e49d89dc85fe3/c63c2653/CarlGrant.png)","","Pheonix Auditorium @Convention"
"Innovating for the Future: Are we ready? ",""Day 2 - Saturday, 7 Jan"","13:05","World View","Panel Discussion","Khuram Rahat, Senior Country Director - Unifonic, AVM (R) Dr. Rizwan Riaz, Pro-Rector Research, Innovation &amp; Commercialization (RIC)  - NUST, Parvez Iftikhar, International ICT Consultant - Self Employed","Khuram Rahat.png (https://dl.airtable.com/.attachments/613026838f9b7b45e71da7bd3b93784c/080fba09/KhuramRahat.png),AVM (R) Dr. Rizwan Riaz.png (https://dl.airtable.com/.attachments/b22e188379745bc4753a97bc4bca7beb/dc4f8959/AVMRDr.RizwanRiaz.png),Parvez Iftikhar.png (https://dl.airtable.com/.attachments/1e8ba18f060a0b935e2a1cd07afe242b/45e45249/ParvezIftikhar.png)","Syed Abdul Qadir, Executive Director - IT &amp; Cybersecurity Risk - A.F.Ferguson &amp; Co.(PwC Pakistan)","Pheonix Auditorium @Convention"
"Keynote: Usman Asif ",""Day 2 - Saturday, 7 Jan"","13:40","World View","Keynote","Usman Asif, CEO  - DevsInc","Usman Asif.png (https://dl.airtable.com/.attachments/500e99d279d904eb495a01cd4c4c5ade/5f89be9f/UsmanAsif.png)","","Pheonix Auditorium @Convention"
"Fireside Chat: Topic TBD",""Day 2 - Saturday, 7 Jan"","14:00","World View","Fireside Chat","Krinza Momin, Developer Relations Engineer - Ankr, Jibran Tahir, Founder &amp; CEO - Manifest Studios","Krinza Momin.png (https://dl.airtable.com/.attachments/8a601f02695fb06a4820f70160907c59/ed0ebc21/KrinzaMomin.png),Jibran Tahir.png (https://dl.airtable.com/.attachments/57ced4da17ad93b5cb2bf6fe0b84da80/99578c30/JibranTahir.png)","","Pheonix Auditorium @Convention"
"Keynote",""Day 2 - Saturday, 7 Jan"","14:10","World View","Keynote","Shahbaz Ali Taseer, Director - First Capital Group","Shahbaz Ali Taseer.png (https://dl.airtable.com/.attachments/9403cfb29ca703f5fbba7d377b5b979b/71ee0458/ShahbazAliTaseer.png)","","Pheonix Auditorium @Convention"
"Keynote: Sadaffe Abid",""Day 2 - Saturday, 7 Jan"","14:20","World View","Keynote","Sadaffe Abid, CEO - Circle Women","Sadaffe Abid.png (https://dl.airtable.com/.attachments/95b252f21f8ab33af71c665b3b3948c9/e89233ac/SadaffeAbid.png)","","Pheonix Auditorium @Convention"
"Opening Keynote: Every digital platform will become a finance platform",""Day 2 - Saturday, 7 Jan"","14:30","Financial Revolution","Keynote","Naeem Zamindar, Founder - Neem","Naeem Zamindar.png (https://dl.airtable.com/.attachments/e1d6db7a9cc1cb35463523224ec6df9f/496b009f/NaeemZamindar.png)","","Pheonix Auditorium @Convention"
"Beyond Borders: The Future of Business and Policies ",""Day 2 - Saturday, 7 Jan"","14:45","Financial Revolution","Panel Discussion","Abdullah AlDayel, CEO &amp; Founder - Qoyod, Muhammad Usman, Country Representative for Pakistan - German Emirati Joint Council for Industry &amp; Commerce (AHK), Meena M. Khan, Head of Products - Zindigi, Zainab Samantash, Head of Legal Affairs &amp; Company Secretary - Sadapay, Abdulaziz Alshetwi, Co-founder &amp; CEO  - Moyasar Financial Company","Abdullah AlDayel.png (https://dl.airtable.com/.attachments/8ad551910534b353bd36664108c927b6/55e9def8/AbdullahAlDayel.png),Muhammad Usman.png (https://dl.airtable.com/.attachments/c49f21aab1c45b78604aa030165e5daf/9b059674/MuhammadUsman.png),Meena Munawar Khan.png (https://dl.airtable.com/.attachments/b931c63155b2cb190d6b10461cfa11e7/4a93af49/MeenaMunawarKhan.png),Zainab Samantash.png (https://dl.airtable.com/.attachments/7590148bf74424db0390005eebec4f31/1feb9ce3/ZainabSamantash.png),Abdulaziz Alshetwi.png (https://dl.airtable.com/.attachments/caa730702c054b9d48f116f844cacc93/69f469e0/AbdulazizAlshetwi.png)","Warda Malik, Communications Manager - Lean Technologies","Pheonix Auditorium @Convention"
"Future of financial inclusion:  challenges and opportunities for Pakistan",""Day 2 - Saturday, 7 Jan"","15:15","Financial Revolution","Keynote","Sardar Mohammad Abubakar, SEVP/Chief Finance &amp; Digital Officer - Mobilink Bank, VEON Group","","","Pheonix Auditorium @Convention"
"Financial Inclusion is just the beginning: What's next? ",""Day 2 - Saturday, 7 Jan"","15:30","Financial Revolution","Panel Discussion","Saira Faisal, Country Lead Digital Transformation Pakistan, GSMA - GSMA, Shahbano  Hameed, Chief Executive Officer - Prosper Technology, Zain Farooq, Founder &amp; CEO - MyTM, Owais Zaidi, CEO - Credit Per, Fatima Batool, Founder &amp; CEO - Ez Wage","Saira Faisal.png (https://dl.airtable.com/.attachments/746396f3496e521ae020fccc71bdcf7f/2aac16a9/SairaFaisal.png),Shahbano  Hameed.png (https://dl.airtable.com/.attachments/4ec73445f5f1ff92903314d6c7add1a6/2735478a/ShahbanoHameed.png),Zain Farooq.png (https://dl.airtable.com/.attachments/d94d1d2946aee29fda6ffa8a4bf7f1ae/ed73ac49/ZainFarooq.png),Owais Zaidi.png (https://dl.airtable.com/.attachments/9009a6cb4ee140e7890486d95ae5cbf0/b47929cd/OwaisZaidi.png),Fatima Batool.png (https://dl.airtable.com/.attachments/69a531df015137ff6342e34dac0629c8/d214b92b/FatimaBatool.png)","Ariba Shahid, Financial and Tech journalist - Profit Magazine","Pheonix Auditorium @Convention"
"The Future of Digital Insurance  ",""Day 2 - Saturday, 7 Jan"","16:05","Financial Revolution","Fireside Chat","Syed Nayyar Hussain Zaidi, Executive Director Strategy &amp; New Initiatives - Salaam Takaful Limited, Muhammad Ashfaq-Ur-Rehman, Founder &amp; CEO - Finmaal, Sharene Lee, Cofounder - Takadao","Syed Nayyar Hussain.png (https://dl.airtable.com/.attachments/ba890f14723ad5f0f00f3fdc94c8cd9b/73d77339/SyedNayyarHussain.png),Muhammad Ashfaq-Ur-Rehman.png (https://dl.airtable.com/.attachments/360a702d8959ecf77a609234991961b7/e3ab6dcd/MuhammadAshfaq-Ur-Rehman.png),Sharene Lee.png (https://dl.airtable.com/.attachments/2ec76f3f60e606be9f7960db1efb8672/801dc298/ShareneLee.png)","Muhammad Salman Anjum, CEO - InvoiceMate","Pheonix Auditorium @Convention"
"Keynote",""Day 2 - Saturday, 7 Jan"","16:30","Financial Revolution","","Wael Abdulmoty Mohammedhussain, Chief Operating Officer - Hala Payments","Wael Abdulmoty Mohammedhussain.png (https://dl.airtable.com/.attachments/6aea15541ef9d60bde4fa1e09b3c47e7/78e113e1/WaelAbdulmotyMohammedhussain.png)","","Pheonix Auditorium @Convention"
"Evolution from First-mile to Last-mile Delivery ",""Day 2 - Saturday, 7 Jan"","17:00","Ecommerce","Panel Discussion","Salman Allana, CEO - Rider, Muhammad Sumair, Cheif Executive Officer - RGS Logistics, Muhammad Saad Jangda, CEO - INDOLJ, Muhammad Salman Parekh, Founder - Manto Store / Maansal Digital Solutions","Salman Allana.png (https://dl.airtable.com/.attachments/f376b4eb7fe2cfda03774c0c00ee38d7/59b215ea/SalmanAllana.png),Muhammad Sumair.png (https://dl.airtable.com/.attachments/519b43d72bd9b66077d64a9b4b71bef8/65727232/MuhammadSumair.png),Muhammad Saad Jangda.png (https://dl.airtable.com/.attachments/9269ed56ddb2bc08337e8e91d6fd14c5/bb31fd70/MuhammadSaadJangda.png)","Muhammad Ali Qureshi, Head of sales Punjab south - Trax Online Private Limited","Pheonix Auditorium @Convention"
"The Power of Community: How Ecommerce Brands can harness the Passion and Influence of Online Communities?",""Day 2 - Saturday, 7 Jan"","17:35","Ecommerce","Keynote","Saqib Azhar, CEO - Enablers","Saqib Azhar.png (https://dl.airtable.com/.attachments/d566101beb4d90faa035b7db0910dc9b/13d79a99/SaqibAzhar.png)","","Pheonix Auditorium @Convention"
"The Future of E-commerce ",""Day 2 - Saturday, 7 Jan"","17:45","Ecommerce","Panel Discussion","Salman Butt, Co-founder, Chief Research Innovations Officer  - Salla Holding Limited, Hasan Jabarti, CEO - DIGGIPACKS, Muhammad Hassan Khan, Chief Executive Officer - Trax Online Private Limited, Obaid Arshad, CEO/Co-founder - Ginkgo Retail","Salman Butt.png (https://dl.airtable.com/.attachments/263866d0a3c41b0b4cd9db4a4cd2f407/da56bdc1/SalmanButt.png),Hasan Jabarti.png (https://dl.airtable.com/.attachments/27630549750f97b98ee4d6daf2efe7df/e246590a/HasanJabarti.png),Muhammad Hassan Khan.png (https://dl.airtable.com/.attachments/082569915ee8a56e25763896eb0af51b/bc0ec53e/MuhammadHassanKhan.png),Obaid Arshad.png (https://dl.airtable.com/.attachments/f247bf78479b7cb177e4d3530305db96/36c117e9/ObaidArshad.png)","","Pheonix Auditorium @Convention"
"Opening Keynote",""Day 2 - Saturday, 7 Jan"","18:20","eSports","Keynote","Khawar Naeem, Country Head - Tencent","","","Pheonix Auditorium @Convention"
"Challenges and Daily Struggles of Professional Esports Players in Pakistan ",""Day 2 - Saturday, 7 Jan"","18:30","eSports","Panel Discussion","","","Imran Khan, CEO - Raptr Games","Pheonix Auditorium @Convention"
"Casters of different games will talk about their journey and what made them choose this career",""Day 2 - Saturday, 7 Jan"","19:00","eSports","Fireside Chat","","Muhammad Ali Dowdy.png (https://dl.airtable.com/.attachments/5bd05ad9ed75cf8b205e10c4514730ff/c0bf6988/MuhammadAliDowdy.png),Shaneel Malik.png (https://dl.airtable.com/.attachments/8e267ffc6a0494620bd84e4603064260/2a135313/ShaneelMalik.png)","","Pheonix Auditorium @Convention"
"Future of Esports in Pakistan and how Telcos are reshaping the Esports Industry",""Day 2 - Saturday, 7 Jan"","19:20","eSports","Panel Discussion","Rabia Fatima, Senior Manager- Regional Play, Subscriber Acquisition &amp; Partnerships - Ufone","Rabia Fatima.png (https://dl.airtable.com/.attachments/d3bd565c97d92a29f0c9b14b6ed66837/01bb906a/RabiaFatima.png)","Khawar Naeem, Country Head - Tencent","Pheonix Auditorium @Convention"
"The art of storytelling with Tabla ",""Day 2 - Saturday, 7 Jan"","19:50","Performance","Performance","","","","Pheonix Auditorium @Convention"
"VFX in Pakistan - Hamza Bajwa (Maula Jatt) live projection experience ",""Day 2 - Saturday, 7 Jan"","20:20","Performance","Performance","","","","Pheonix Auditorium @Convention"
"Amna Butt - live painting paired with classical music",""Day 2 - Saturday, 7 Jan"","20:50","Performance","Performance","","","","Pheonix Auditorium @Convention"
"Opening Keynote: Why EdTech needs more Founders, Funding and Failures",""Day 2 - Saturday, 7 Jan"","11:00","Education ","Keynote","Hassan  Rizwan, Founder / CEO - SABAQ","Hassan  Rizwan.png (https://dl.airtable.com/.attachments/716d26bc0e26cc65d2553f9c9b42bbe8/9ebec3e4/HassanRizwan.png)","","Orion Auditorium @Convention"
"Is there a Pathway to Impact and Success for Edtech in Pakistan",""Day 2 - Saturday, 7 Jan"","11:15","Education ","Panel Discussion","Aiman Bashir, Founder - Out-Class , Sabeena Abbasi, Chief Digital Learning Officer  - Taleemabad , Haroon Yasin, Founder &amp; CEO - Taleemabad, Zulfiqar Ali Qazilbash, Ed tech advisor  - Mofept ","Aiman Bashir.png (https://dl.airtable.com/.attachments/e0953b270840d2decfcee75c638536fd/444a6520/AimanBashir.png),Haroon Yasin.png (https://dl.airtable.com/.attachments/2b7d2f2111385ad4c237c6b23099a8c5/b0d89eb5/HaroonYasin.png),Zulfiqar Ali Qazilbash.png (https://dl.airtable.com/.attachments/206b8d90da19e29125e3bf921dab98fd/79a10fdf/ZulfiqarAliQazilbash.png)","Ammar Ali Ayub, CEO - Nearpeer","Orion Auditorium @Convention"
"Can Tech Upskill the Pakistani Youth?",""Day 2 - Saturday, 7 Jan"","11:50","Education ","Panel Discussion","Namra Nasyr, COO/ Head of Creative Strategy - Skills Todo/ Devsinc, Shahrukh Swati, Co-founder  - Nearpeer ","Namra Nasyr.png (https://dl.airtable.com/.attachments/e271967c0ea710cf54c07805bd259c02/98250e1f/NamraNasyr.png),Shahrukh Swati.png (https://dl.airtable.com/.attachments/050517b63d49b90b598158d34aaa5d04/38942595/ShahrukhSwati.png)","","Orion Auditorium @Convention"
"New Technologies &amp; Future of Education",""Day 2 - Saturday, 7 Jan"","12:25","Education ","Panel Discussion","Khalid Abou Kassem, Founder &amp; CEO - AlGooru, Aziz Alsaeed, Co-Founder &amp; COO - Noon Academy, Jin Tan, CEO - ReSkills","Khalid Abou Kassem.png (https://dl.airtable.com/.attachments/264254f28ae1b461b27f8a356299bf4f/cb8c24e6/KhalidAbouKassem.png),Aziz Alsaeed.png (https://dl.airtable.com/.attachments/da732b7a4a08c3428822f0d7f58cd2e2/ac9b2c69/AzizAlsaeed.png)","Hassan  Rizwan, Founder / CEO - SABAQ","Orion Auditorium @Convention"
"Unlocking the EdTech Genie in Pakistan / The Devices Challenge in EdTech",""Day 2 - Saturday, 7 Jan"","13:00","Education ","Keynote","","","","Orion Auditorium @Convention"
"The Future of Learning ",""Day 2 - Saturday, 7 Jan"","13:15","Education ","Panel Discussion","Annum Sadiq, Chief Education Officer &amp; Director  - Edkasa (Private) Limtied, Haroon Yasin, Founder &amp; CEO - Taleemabad, Ali Khayam, Country Director  - Right To Play International, Maliha Javed Khan, Director Learning and Development - P@SHA","Annum Sadiq.png (https://dl.airtable.com/.attachments/8f9384f1232336f25c62e80730de6b81/4f2d543c/AnnumSadiq.png),Haroon Yasin.png (https://dl.airtable.com/.attachments/2b7d2f2111385ad4c237c6b23099a8c5/b0d89eb5/HaroonYasin.png),Ali Khayam.png (https://dl.airtable.com/.attachments/0f0f7c42bb3dfb80c1a2df9761136ebd/b7053404/AliKhayam.png),Maliha Javed Khan.png (https://dl.airtable.com/.attachments/b0f28401ce18dc1044eca00eb5f8e00b/c7f0af00/MalihaJavedKhan.png)","Syed Azfar Hussain, Project Director - National Incubation Center Hyderabad","Orion Auditorium @Convention"
"Opening Keynote: Pakistan’s Agriculture: Challenges &amp; Opportunities",""Day 2 - Saturday, 7 Jan"","13:55","Agriculture &amp; Food","Keynote","Habib Saqib, Founder, Head of Business - FasalPay","Habib Saqib.png (https://dl.airtable.com/.attachments/ad94dbe29d0b6f9eaa41cea7b396c7a4/6064f27e/HabibSaqib.png)","","Orion Auditorium @Convention"
"Improving Farmers’ Unit Economics",""Day 2 - Saturday, 7 Jan"","14:10","Agriculture &amp; Food","Panel Discussion","Ali Amin, Co-Founder  - Jiye Technologies , Fouad Riaz Bajwa, CEO and Co-Founder - Digital Dera Private Limited by Agriculture Republic Pakistan, Farhan Tahir, Co-Founder / Director  - Kissan Gudam / Haji Sons group ","Ali Amin.png (https://dl.airtable.com/.attachments/105a0b657a4af6c7adead6db479ba75a/e9b98523/AliAmin.png),Fouad Riaz Bajwa.png (https://dl.airtable.com/.attachments/5b547dd234a17c6e1617688f86478320/44d6493d/FouadRiazBajwa.png),Farhan Tahir.png (https://dl.airtable.com/.attachments/b222aff9b28ab683954f6ff1e9feecb1/5447b4ff/FarhanTahir.png)","","Orion Auditorium @Convention"
"Keynote by Provincial Minister of Punjab for Livestock and Dairy Development",""Day 2 - Saturday, 7 Jan"","14:30","Agriculture &amp; Food","","","","","Orion Auditorium @Convention"
"Web3 and law (IP, COO, NFTS): What Pakistan's regulators and legislators can learn from global legal frameworks",""Day 2 - Saturday, 7 Jan"","14:40","Regulatory &amp; Taxation","Fireside Chat","Iqra Musaddaq, Director Licensing, Legal &amp; Contracts - Special Technology Zones Authority, Safi Ghauri, Managing Partner - Esquare Legal","Iqra Musaddaq.png (https://dl.airtable.com/.attachments/8e31e90c423fcf6aebc1a8d2fcc90add/e7acc10d/IqraMusaddaq.png),Safi Ghauri.png (https://dl.airtable.com/.attachments/2bce6aebc41ec7219adb41799c1ef546/4b8d4f2c/SafiGhauri.png)","Muhammad Usman Piracha, Managing Partner - Pirachas","Orion Auditorium @Convention"
"Transforming Agriculture: Separating Myths from Reality",""Day 2 - Saturday, 7 Jan"","14:45","Agriculture &amp; Food","Fireside Chat","Mohsin Zaka, Co-Founder - Tazah Technologies","","Habib Saqib, Founder, Head of Business - FasalPay","Orion Auditorium @Convention"
"Keynote: Ahsan Tahir ",""Day 2 - Saturday, 7 Jan"","15:05","Marketing &amp; Advertisement","Keynote","Muhammad Ahsan Tahir , Chief Executive Officer  - Walee Technologies Pvt Ltd","Muhammad Ahsan Tahir.png (https://dl.airtable.com/.attachments/2ca95ef475f2595daba3659a5c3f2da0/36a902a7/MuhammadAhsanTahir.png)","","Orion Auditorium @Convention"
"Closing Keynote by Punjab Finance Minister (Agri Expert)",""Day 2 - Saturday, 7 Jan"","15:15","Agriculture &amp; Food","","Muhammad Mohsin Khan Leghari, Provincial minister of Finance, Punjab - Government Ministry","","","Orion Auditorium @Convention"
"Creator DTC – Is the Path to Financial Success still via Brand Deals?",""Day 2 - Saturday, 7 Jan"","15:20","Marketing &amp; Advertisement","Panel Discussion","Muhammad Salman Parekh, Founder - Manto Store / Maansal Digital Solutions, Urooj Fatima, Dentist - Dental and orthodontics solutions , Syed Muzamil Hasan Zaidi, Director - One8nine, Shaikh Danial, CEO/CO-FOUNDER - MindKix Labs / Social Junction Pvt Ltd.","Syed Muzamil Hasan Zaidi.png (https://dl.airtable.com/.attachments/88d9dc1a587c6b1dac0d6829f9f88383/1b6d54aa/SyedMuzamilHasanZaidi.png)","Syed Sohaib ul Hassan, Senior Manager Marketing - Amreli Steels Limited ","Orion Auditorium @Convention"
"Brand Building for the Future: How Performance Marketing will Change
",""Day 2 - Saturday, 7 Jan"","16:20","Marketing &amp; Advertisement","Panel Discussion","Usman Ahmed Aziz, CEO - Shopistan , Rubab Zahra Naqvi, Digital Marketing Manager - Educative Inc, Fawaad Saleem , CEO - Digital Tribe, Ifrah Ayoob, Digital Marketing Trainer and Performance Marketing Manager  - Nearpeer.org and Rozee.pk","Usman Ahmed Aziz.png (https://dl.airtable.com/.attachments/c9cfaf8eadffe6011ff58ec98b9e9ebc/e1061fdf/UsmanAhmedAziz.png),Rubab Zahra Naqvo.png (https://dl.airtable.com/.attachments/0714ee670329b55fe5b6680feb6598f6/c3efb6fc/RubabZahraNaqvo.png),Fawaad Saleem.png (https://dl.airtable.com/.attachments/55c7f77adcf277ec732facc2ffcb5bee/6a76c481/FawaadSaleem.png),Umair Arshad.png (https://dl.airtable.com/.attachments/aa7556b8ccdd20d4b05aeedb2436ea5e/514b5d6a/UmairArshad.png),Ifrah Ayoob.png (https://dl.airtable.com/.attachments/de5278304939da6f70b448241defa06e/c3932e10/IfrahAyoob.png)","","Orion Auditorium @Convention"
"Storytelling for GenZ ",""Day 2 - Saturday, 7 Jan"","16:55","Marketing &amp; Advertisement","Panel Discussion","Shayan Mahmud, Managing partner  - Eikon7/ProPakistani , Salman Nasir, Assistant Professor - School of Social Sciences &amp; Humanities (S3H), National University of Sciences &amp; Technology (NUST), Hassan Waqar Bhatti, Partner - Community Fund  , Laiha Tauseef, Marketing Lead - Game District","Shayan Mahmud.png (https://dl.airtable.com/.attachments/0ac607fec117ab613c43f8ed6a730f16/e4305a56/ShayanMahmud.png),Salman Nasir.png (https://dl.airtable.com/.attachments/339c70b759dfcbdba5df832a4de37c77/7ac231ea/SalmanNasir.png),Hassan Waqar Bhatti.png (https://dl.airtable.com/.attachments/e3a015fba752e1ecf9aecfaa6a315e68/0dd8bd01/HassanWaqarBhatti.png),Laiha Tauseef.png (https://dl.airtable.com/.attachments/2f21995ce89740401c7acfbb848f7914/23b7af32/LaihaTauseef.png)","","Orion Auditorium @Convention"
"Roadmap for Successful Seven Figure Agency Business ",""Day 2 - Saturday, 7 Jan"","17:30","Marketing &amp; Advertisement","Fireside Chat","Hamid Mahmood, CEO - Software Pro , Muhammad Yawar Siddiqui, CFO - Repstack.co","Hamid Mahmood.png (https://dl.airtable.com/.attachments/e6f24c11d7a2e01dcca8e242c554ac81/f90abe25/HamidMahmood.png)","Shehab Niazi , Founder  - Trailblazer","Orion Auditorium @Convention"
"Track Overview by Curator ",""Day 2 - Saturday, 7 Jan"","17:55","Regulatory &amp; Taxation","Keynote","Mustafa A. Khan, Managing Partner - MK Consulting","","","Orion Auditorium @Convention"
"Opening Keynote: Legal framework impacting technology sector in Pakistan",""Day 2 - Saturday, 7 Jan"","18:00","Regulatory &amp; Taxation","Keynote","Ahmed Uzair, Partner - AUC | LAW","Ahmed Uzair.png (https://dl.airtable.com/.attachments/24f8c6255fe00f2c629cedd7d9dd5b81/8b799148/AhmedUzair.png)","","Orion Auditorium @Convention"
"Legal Bottlenecks for Startups and the IT Sector",""Day 2 - Saturday, 7 Jan"","18:15","Regulatory &amp; Taxation","Panel Discussion","Mehr Saleem , Partner  - Saleem &amp; Mamdot (Lawyers &amp; Consultants), Khurram Zafar, Country Director  - 47 Ventures Investments , Amina Aziz, Director/Convenor Regulatory Sandbox Committee - Securities and Exchange Commission of Pakistan","Mehr Saleem.png (https://dl.airtable.com/.attachments/51c2bb69c4467fdc5f427479a631f697/b629d8de/MehrSaleem.png),Khurram Zafar.png (https://dl.airtable.com/.attachments/89ba82639684e85465ddf938ee12ded8/4762395b/KhurramZafar.png),Amina Aziz.png (https://dl.airtable.com/.attachments/82ccb2c28601a88e2150061853770c54/d759ed55/AminaAziz.png)","Mubariz Siddiqui, Founder - Carbon Law","Orion Auditorium @Convention"
"Setting up a Holding Company outside Pakistan - Key Considerations",""Day 2 - Saturday, 7 Jan"","18:45","Regulatory &amp; Taxation","Fireside Chat","Mohtashim Ahmad Siddiqi, Partner - Barsols Legal Consultants","Mohtashim Ahmad Siddiqi.png (https://dl.airtable.com/.attachments/0a06ffebd474b2d52c3e52fb3c36f36f/ab7ebf4c/MohtashimAhmadSiddiqi.png)","Barrister Khalique Zaman, Partner - Barsols Legal Consultants ","Orion Auditorium @Convention"
"Keynote: Javaid Iqbal",""Day 2 - Saturday, 7 Jan"","19:05","Regulatory &amp; Taxation","Keynote","Javaid Iqbal, Chief Commercial Officer  - Special Technology Zones Authority - Government of Pakistan ","Javaid Iqbal.png (https://dl.airtable.com/.attachments/275bb41e795388476e19f4b8e6f84e79/df0b8e91/JavaidIqbal.png)","","Orion Auditorium @Convention"
"Keynote: A Technology specific Synopsis of Taxation Framework of Pakistan",""Day 2 - Saturday, 7 Jan"","19:15","Regulatory &amp; Taxation","Keynote","Mustafa A. Khan, Managing Partner - MK Consulting","","","Orion Auditorium @Convention"
"Technology Ecosystem Taxation regime in Pakistan - Key considerations",""Day 2 - Saturday, 7 Jan"","19:25","Regulatory &amp; Taxation","Panel Discussion","Muhammad Atiq Ur Rehman, Partner - KPMG Taseer Hadi &amp; Co","","","Orion Auditorium @Convention"
"Day Ends",""Day 2 - Saturday, 7 Jan"","20:00","Regulatory &amp; Taxation","","","","","Orion Auditorium @Convention"
"Roundtable: Planning for Recession:  Planning for Recession: How Startups Can Attract and Retain Top Talent. ",""Day 2 - Saturday, 7 Jan"","14:30-16:00","EdTech","Roundtable","","","","Roundtable Room"
"RoundTable: Future of Esports and what can be done to promote Esports in Pakistan to grow the ecosystem",""Day 2 - Saturday, 7 Jan"","16:00 - 17:30","eSports","Roundtable","","Asad Nadeem Mughal.png (https://dl.airtable.com/.attachments/08b0a666c3c0553557cf78b3eab61f14/2c760b33/AsadNadeemMughal.png)","","Roundtable Room"
"Web3 Quest: 1-Day Hackathon ",""Day 2 - Saturday, 7 Jan"","12:00 - 18:00","web3 / Blockchain","Masterclass / Workshop","","","","Atlas Room @Expo"
"Masterclass: Healthcare tools and technologies of the future",""Day 2 - Saturday, 7 Jan"","","Health &amp; Wellness","Masterclass / Workshop","Pashmeen Lakhani , Director  - Revive labs ","","","Aries Room @Expo "
"Registrations Open (Day-3)",""Day 3 - Sunday, 8 Jan"","09:00","Registration","","","","","Expo Center Lahore"
"Technology for ESG: Leveraging Tech to Drive Sustainable Impact",""Day 3 - Sunday, 8 Jan"","11:10","World View","Keynote","Samina Rizwan, Country Director - Code for Pakistan / Foundation for Civic Tech","Samina Rizwan.png (https://dl.airtable.com/.attachments/7fca58c3bc3778f5e7a8cd55c9a3ed98/3bb1b0f2/SaminaRizwan.png)","","Pheonix Auditorium @Convention"
"Keynote: Salim Ghauri ",""Day 3 - Sunday, 8 Jan"","11:20","World View","Keynote","Salim Ghauri, CEO - NetSol Technologies Ltd","Salim Ghauri.png (https://dl.airtable.com/.attachments/ea97e559a18c42ebe5f3e5e8de8159f3/41a9a508/SalimGhauri.png)","","Pheonix Auditorium @Convention"
"Keynote",""Day 3 - Sunday, 8 Jan"","11:30","World View","Keynote","Jehanzeb Awan, Founder &amp; CEO of J. Awan &amp; Partners and Azakaw and Chairman Middle East Africa and Asia Crypto and Blockchain Association.","","","Pheonix Auditorium @Convention"
"Keynote: Mahe Zehra Husain ",""Day 3 - Sunday, 8 Jan"","11:40","World View","Keynote","Mahe Zehra Husain, CEO - FiveRivers Technologies","Mahe Zehra Husain.png (https://dl.airtable.com/.attachments/ef6ba20b656e819483bff4708ce6266e/3c510d40/MaheZehraHusain.png)","","Pheonix Auditorium @Convention"
"Keynote: Javaid Iqbal",""Day 3 - Sunday, 8 Jan"","11:50","World View","Keynote","Javaid Iqbal, Chief Commercial Officer  - Special Technology Zones Authority - Government of Pakistan ","Javaid Iqbal.png (https://dl.airtable.com/.attachments/275bb41e795388476e19f4b8e6f84e79/df0b8e91/JavaidIqbal.png)","","Pheonix Auditorium @Convention"
"Keynote by Azad Chaiwala",""Day 3 - Sunday, 8 Jan"","12:20","World View","Keynote","Azad Chaiwala, CEO  - Azad Chaiwala Institute ","Azad Chaiwala.png (https://dl.airtable.com/.attachments/2061f1e918e85e78799c4150337ee047/8cf36b90/AzadChaiwala.png)","","Pheonix Auditorium @Convention"
"Future is Female: Opportunities and Challenges ",""Day 3 - Sunday, 8 Jan"","13:00","Entreprenuership","Panel Discussion","Syeda Hira Hassam, Chief Marketing Officer  - SuperWomen, Salma Noreen, Founder SyNet Pakistan - Salma Noreen, Bareera Agha , Co founder/ CEO - Express Freight System , Sayed Sana Shah, Program Manager - National Incubation Center, Karachi","Syeda Hira Hassam.png (https://dl.airtable.com/.attachments/981eea06b17ec3e938e93e7987b15a5e/1c41044e/SyedaHiraHassam.png),Salma Noreen.png (https://dl.airtable.com/.attachments/00ba676e47c7fd4947fe312f25a44260/b69fcd1b/SalmaNoreen.png),Bareera Agha.png (https://dl.airtable.com/.attachments/75377d202dadd317f855522dcc226e13/79010eac/BareeraAgha.png),Sayed Sana Shah.png (https://dl.airtable.com/.attachments/e2dadd438fd5a3951d8e3a47ec22266d/a0761e0c/SayedSanaShah.png)","","Pheonix Auditorium @Convention"
"Keynote: Spencer Schneier",""Day 3 - Sunday, 8 Jan"","13:35","Entreprenuership","Keynote","Spencer Schneier, CEO - Commenda","Spencer Schneier.png (https://dl.airtable.com/.attachments/1d686401e1c38f6ebb41389316ef3414/ac1ecda2/SpencerSchneier.png)","","Pheonix Auditorium @Convention"
"Why Communities are the Future of Business ",""Day 3 - Sunday, 8 Jan"","13:50","Entreprenuership","Panel Discussion","Hamza Tahir, Head of Dev Rel &amp; Growth - Future Fest, Monica Zara, Head of Sales &amp; Conference - How to Web, Huzaifa Habib, Community Manager - Google Developers, Diogo Paiva Costa, Events &amp; Community Manager - Ankr","Hamza Tahir.png (https://dl.airtable.com/.attachments/de2a8c362df757cbd0d1cc73f48b0932/e0220ac9/HamzaTahir.png),Monica Zara.png (https://dl.airtable.com/.attachments/e78bc1eb7f1128ee93963a342c586c68/953b551d/MonicaZara.png),Huzaifa Habib.png (https://dl.airtable.com/.attachments/9c911e9f4934b06ac1368253cbabeffe/d5c4441d/HuzaifaHabib.png),Diogo Paiva Costa.png (https://dl.airtable.com/.attachments/b73b1200f53d5a29f911740f5ca0b2a8/1be70425/DiogoPaivaCosta.png)","Ambreen Nadeem, Sales Consultant - Premier Choice International","Pheonix Auditorium @Convention"
"Keynote on "Intreprenuership"",""Day 3 - Sunday, 8 Jan"","14:25","Entreprenuership","Keynote","Haseeb Khan, Vice President - Technology - tkxel","Haseeb Khan.png (https://dl.airtable.com/.attachments/796cc4e90da39593a32c833128931da3/ff763ee9/HaseebKhan.png)","","Pheonix Auditorium @Convention"
"The Business of Building a Startup  ",""Day 3 - Sunday, 8 Jan"","14:40","Entreprenuership","Panel Discussion","Raja Mohsin Abbas, President - Reach First Inc, Muhammad Taimoor Hassan, Founder/CEO - QueryCity, Muhammad Raza Saeed, Chief Executive Officer - Confiz &amp; PakWheels, Mo Salah, Program Manager - Brinc","Raja Mohsin Abbas.png (https://dl.airtable.com/.attachments/be73a969724a5bb6b31282664ff3b966/0f797265/RajaMohsinAbbas.png),Muhammad Taimoor Hassan.png (https://dl.airtable.com/.attachments/8af785d1b6c5fcffaa3187ad87201cef/481de9eb/MuhammadTaimoorHassan.png),Raza Saeed.png (https://dl.airtable.com/.attachments/22b6fb4b6e54de2b7385e161c0ddfcff/a7c5a1e5/RazaSaeed.png),Mohammed Salah Mohammed Omar Elbaker.png (https://dl.airtable.com/.attachments/03e8c9f81a7d64c80bcbc88d6575ef04/8016d271/MohammedSalahMohammedOmarElbaker.png)","Inam Khawaja, Managing Partner - KLA - Kashir Law Associates &amp; KLADelta","Pheonix Auditorium @Convention"
"Deep dive into HealthTech in Pakistan",""Day 3 - Sunday, 8 Jan"","15:45","Health &amp; Wellness","Panel Discussion","Hyder Mumtaz, CEO - Ailaaj, Dr. Iffat Zafar Aga, Cofounder &amp; COO - Sehat Kahani c/o Community Innovation Hub Pvt Ltd, Aiman Khan, CEO - SLOSH AI Solutions, Jibran Khan, COO, Founder - Sehatu ","Dr. Iffat Zafar Aga.png (https://dl.airtable.com/.attachments/a72c8a6012309c22b7eec4c3a187be83/f8221116/Dr.IffatZafarAga.png),Aiman Khan.png (https://dl.airtable.com/.attachments/b4fc40780193098d6e06880c8695f585/fbcd4fba/AimanKhan.png),Jibran Khan.png (https://dl.airtable.com/.attachments/2190f75049dd39c95d5012b93e76dacb/b39bc11c/JibranKhan.png)","Pashmeen Lakhani , Director  - Revive labs ","Pheonix Auditorium @Convention"
"Presentation: To Infinity &amp; Beyond ",""Day 3 - Sunday, 8 Jan"","19:00 - 20:30","Into the Space","Presentation","Gabe Gabrielle, Former Engineer for NASA - ","Gabe Gabrielle.png (https://dl.airtable.com/.attachments/5051d8e024f1525a721c129e263e5876/45698999/GabeGabrielle.png)","","Pheonix Auditorium @Convention"
"Upskilling &amp; Reskilling for Survival in the Gig Economy",""Day 3 - Sunday, 8 Jan"","11:00","Future of work,Freelancing","Panel Discussion","Ibrahim Amin, Co-Founder &amp; Chairman - Pakistan Freelancers Association (PAFLA), Naveed Ahmed, Trainer at e-Rozgaar Program PITB | Independent Creative Consultant | Top Rated Freelance Designer - e-Rozgaar Program PITB, M Tanveer Nandla, CEO - iSkills","Ibrahim Amin.png (https://dl.airtable.com/.attachments/85f02148e96d992c1945e2064b81a88e/56caba6c/IbrahimAmin.png),Naveed Ahmed.png (https://dl.airtable.com/.attachments/d59504d982e3c47ede79a009f9a7a9e7/e6b5040c/NaveedAhmed.png),M Tanveer Nandla.png (https://dl.airtable.com/.attachments/4e9f294004def5bc37467ed573936615/a0707c91/MTanveerNandla.png)","Huzaifa Ali, CEO - Ecommerce Success Pakistan Pvt Ltd","Orion Auditorium @Convention"
"Keynote: Dr. Arshad Ali",""Day 3 - Sunday, 8 Jan"","11:00","Textile","Keynote","Dr. Arshad Ali, Project Director - National Incubation Center Faisalabad","Dr. Arshad Ali.png (https://dl.airtable.com/.attachments/1515153969e40c613e5fdde6336953bf/743a4239/Dr.ArshadAli.png)","","Orion Auditorium @Convention"
"Circularity and Sustainability in Textiles",""Day 3 - Sunday, 8 Jan"","11:15","Textile","Panel Discussion","Sohail Ali Naqvi, Director - WWF-PAKISTAN , Sheraz Ahmad, Associate Professor/ Chairman - National Textile University, Yasir Nawab, Dean/ Associate Professor - National Textile University, DR AYYAZ UDDIN, CEO - PAKISTAN CIRCULAR FASHION COUNCIL","Sohail Ali Naqvi.png (https://dl.airtable.com/.attachments/3c127c45406ad42a71098c2c1a199c40/ef32fd4c/SohailAliNaqvi.png),Sheraz Ahmad.png (https://dl.airtable.com/.attachments/3b246940a1701792a5c6270599de0103/f60ae7aa/SherazAhmad.png),Yasir Nawab.png (https://dl.airtable.com/.attachments/39b6e3df9c48d14efaf10498f892deae/5f710d89/YasirNawab.png),DR AYYAZ UDDIN.png (https://dl.airtable.com/.attachments/2ea8aa41d2491f552c77248d039d72f2/6a111658/DRAYYAZUDDIN.png)","","Orion Auditorium @Convention"
"Always On: Future of Work and Mental Health ",""Day 3 - Sunday, 8 Jan"","11:30","Future of work,Freelancing","Panel Discussion","Semra Salik, Consultant Clinical Psychologist/ Founder, PsychCare - PsychCare/Air University, Islamabad , Yishel Khan, Chief Executive Officer - DOT Mind Unlocked, Abeeda Haroon, Head of Customer Experience - Polly, Maxine Cunningham, CEO &amp; Founder - Pick My Brain ","Yishel Khan.png (https://dl.airtable.com/.attachments/093824315f502cba46ba2d421868efa8/2d1d7df1/YishelKhan.png),Abeeda Haroon.png (https://dl.airtable.com/.attachments/11763f271dd561b6e13e584b42fa2101/3a9daaa4/AbeedaHaroon.png),Maxine Cunningham.png (https://dl.airtable.com/.attachments/91957c86fa67280a929c2e4fb168cc43/e5019900/MaxineCunningham.png)","Azfar Shahid, Head of Talent Acquisition &amp; OB - iHorizons","Orion Auditorium @Convention"
"Future of Textile",""Day 3 - Sunday, 8 Jan"","11:55","Textile","Panel Discussion","Munir ASHRAF, Associate Professor  - National Textile university, kashif junaid, CEO - Denim by mood ","Abher Rasheed.png (https://dl.airtable.com/.attachments/d88c8af2c045f3743fb73d7c831345b4/5f9309a3/AbherRasheed.png),Munir ASHRAF.png (https://dl.airtable.com/.attachments/cd18f62ecea776b9ffe98a1d157142e3/fd4766c6/MunirASHRAF.png),Dr. Muzzamal Hussain.png (https://dl.airtable.com/.attachments/3d57f5c24d8073a1de765c4154396854/631a62cc/Dr.MuzzamalHussain.png),Umair Azam.png (https://dl.airtable.com/.attachments/329730e6ae7c1b7ff4c4ccc10d49912e/5bd2d7c4/UmairAzam.png),kashif junaid.png (https://dl.airtable.com/.attachments/83c6e650b8d4c753ddda15198f920c57/59f0f7fe/kashifjunaid.png)","","Orion Auditorium @Convention"
"Growing beyond Solopreneur ",""Day 3 - Sunday, 8 Jan"","12:10","Future of work,Freelancing","Panel Discussion","Umair Mansha, CEO &amp; Founder - LazyMetrics Inc, Dua Arshad, Founder &amp; CEO - The International Institute of Entrepreneurship , Madiha Shamim, COO HR Ways - HR Ways, Saad Allahwala , Director - Startup Grind karachi","Umair Mansha.png (https://dl.airtable.com/.attachments/cd81387feae28e0aecf5c38491b26562/697fd385/UmairMansha.png),Dua Arahad.png (https://dl.airtable.com/.attachments/181998bfb8dec21fc01d3050905cb57b/5f955016/DuaArahad.png),Madiha Shamim.png (https://dl.airtable.com/.attachments/87be5d32f2a3f2639bfd68b0183932df/c5f29444/MadihaShamim.png),Saad Allahwala.png (https://dl.airtable.com/.attachments/136464f7316b0fc3d1d03590a5c7ea4d/bb33f8e6/SaadAllahwala.png)","Areen Shahid , Program Lead  - She Loves Tech ","Orion Auditorium @Convention"
"Keynote 2: Dr Yasir ",""Day 3 - Sunday, 8 Jan"","12:35","Textile","Keynote","Yasir Nawab, Dean/ Associate Professor - National Textile University","Yasir Nawab.png (https://dl.airtable.com/.attachments/39b6e3df9c48d14efaf10498f892deae/5f710d89/YasirNawab.png)","","Orion Auditorium @Convention"
"Constant Learning: Staying Relevant in the Future ",""Day 3 - Sunday, 8 Jan"","12:45","Future of work,Freelancing","Panel Discussion","Nilofar A. Gardezi , Associate Director &amp; HRBP; Managing Director ConsultNG  - Corporate Research Investigations; ConsultNG (Pvt) Ltd, Ahmad Mushtaq, Business Development Manager - Sohoby, Tabinda Usman, Project Director  - Enablers","Nilofar A. Gardezi.png (https://dl.airtable.com/.attachments/a41c291609ef1a799beb8439a722df6d/e8fa99a8/NilofarA.Gardezi.png),Ahmad Mushtaq.png (https://dl.airtable.com/.attachments/b68c3e5d003e8a8d39c150b9433540f9/c1209fd9/AhmadMushtaq.png),Tabinda Usman.png (https://dl.airtable.com/.attachments/62a35778ab02be17f86015133d25eaf9/a3ea46da/TabindaUsman.png)","Wajiha Ghazal, CEO &amp; Founder - Affordable.pk Pvt Ltd, Conceptbeans Pvt Ltd, Dropesy Corporation","Orion Auditorium @Convention"
"Panel: Digital Health",""Day 3 - Sunday, 8 Jan"","13:00","Health &amp; Wellness","Panel Discussion","Samad Saleem, CEO - Digi Trends Pvt Ltd., M. Haroon Qassim, Managing Director - PharmEvo (Pvt.) Ltd, Asad Haider Khan, Cofounder &amp; CEO - MEDZnMORE Pvt Ltd","Samad Saleem.png (https://dl.airtable.com/.attachments/5db9da207184a15227f4571288303764/0f88495c/SamadSaleem.png),M. Haroon Qassim.png (https://dl.airtable.com/.attachments/cbd2634233e4d48c69e525e00c0b0815/39c6be7b/M.HaroonQassim.png),Asad Haider Khan.png (https://dl.airtable.com/.attachments/508b54f3804e97491453d6b66510c1c4/9c71796d/AsadHaiderKhan.png)","","Orion Auditorium @Convention"
"Keynote: Pakistan's Population Crisis",""Day 3 - Sunday, 8 Jan"","13:00","Health &amp; Wellness","Keynote","Ayesha Leghari, Country Director  - Population Services international ","Ayesha Leghari.png (https://dl.airtable.com/.attachments/f54362b0595248ab2e3e909325dd0349/36f4d548/AyeshaLeghari.png)","","Orion Auditorium @Convention"
"Future of Work: Post Pandemic and Beyond  ",""Day 3 - Sunday, 8 Jan"","13:20","Future of work,Freelancing","Panel Discussion","Cynia Ejaz, Regional Head North - Daftarkhwan, Hassan Shahid, Co-Founder - Kickstart, Irtaza Haider, Software Engineer - Google, Iffi Wahla, Founder-CEO - Edge, Amir Attique, CEO - PopCorn Studio","Cynia Ejaz.png (https://dl.airtable.com/.attachments/11b7d6b90fc6325e327a98264e078911/6cd5e89d/CyniaEjaz.png),Hassan Shahid.png (https://dl.airtable.com/.attachments/3e567dca2804dd06ce00701547f8db23/c863f525/HassanShahid.png),Irtaza Haider.png (https://dl.airtable.com/.attachments/edee5f6fef111e3fbb6b2ef977ea4e9f/1fcf5231/IrtazaHaider.png),iffi wahla.png (https://dl.airtable.com/.attachments/13809b14e1ae35654648488e0efcca1d/efc1f550/iffiwahla.png),Amir Attique.png (https://dl.airtable.com/.attachments/0d15608c03cb86b68a3d695334a9a845/4a1c960c/AmirAttique.png)","Aaqib Sayed, Founder - Worksquad","Orion Auditorium @Convention"
"The World is your Oyster: Hiring Global Talent ",""Day 3 - Sunday, 8 Jan"","13:55","Future of work,Freelancing","Fireside Chat","Tarek Salam, Head of MENA Expansion - Deel, Talaal Burny, Product Partnerships Manager - Deel","Tarek Salam.png (https://dl.airtable.com/.attachments/c4bc80817b37a5d6c3a619c9db7dbbf4/31b9cc84/TarekSalam.png),Talaal Burny.png (https://dl.airtable.com/.attachments/312ab3ec5d242f9ab4f10008085e0ec6/3d79d67a/TalaalBurny.png)","","Orion Auditorium @Convention"
"Digital Health: Are we Ready for the future ",""Day 3 - Sunday, 8 Jan"","14:00","Health &amp; Wellness","Panel Discussion","Bilal Mumtaz, Founder - FreshStart, Kamran Iqbal, Co-Founder &amp; CEO - PayCare, Dr. Saira Siddique, CEO and Founder - medIQ Smart Healthcare, Hamza Iqbal, Founder &amp; CEO - Healthwire","Bilal Mumtaz.png (https://dl.airtable.com/.attachments/6cdb11256e597fb7240dda28e20d0e1f/6523308e/BilalMumtaz.png),Dr. Saira Siddique.png (https://dl.airtable.com/.attachments/3e3823934d0017833aa7e70ad780b195/457ffd46/Dr.SairaSiddique.png),Hamza Iqbal.png (https://dl.airtable.com/.attachments/6940b2497dda4cd4782b3df0ab537de0/569732ba/HamzaIqbal.png)","","Orion Auditorium @Convention"
"Keynote: Aftab ur Rehman Rana",""Day 3 - Sunday, 8 Jan"","14:45","Tourism","Keynote","Aftab ur Rehman Rana, Managing Director  - Pakistan Tourism Development Corporation (PTDC)","Aftab ur Rehman Rana.png (https://dl.airtable.com/.attachments/d45463c7b93207defe10555fa72b9aa1/537c2537/AftaburRehmanRana.png)","","Orion Auditorium @Convention"
"The Future of Tourism in Pakistan: Exploring New Avenues",""Day 3 - Sunday, 8 Jan"","15:00","Tourism","Panel Discussion","Tariq Tanveer , CEO &amp; Founder  - Agri Tourism Development Corporation of Pakistan, Mohammad Salman Arain, CEO - Umrah Companions , Hajira Saquib, Owner - The Red Door Cafe, Syed Haseeb Amjad Gardezi , Chief Operating Officer - Hashoo Hotels","Tariq Tanveer.png (https://dl.airtable.com/.attachments/2cc299db17dc61ad03309f15a669671e/86deb52b/TariqTanveer.png),Hajira Saquib.png (https://dl.airtable.com/.attachments/88c50cad9970a475214700cc099916f5/b4417d2a/HajiraSaquib.png)","","Orion Auditorium @Convention"
"Equitable Design ",""Day 3 - Sunday, 8 Jan"","15:40",""Art, Design &amp; Literature"","Panel Discussion","Muhammad Junaid, Community Leader @ Toptal &amp; Founder Softintex Studio - Softintex Studio, Muhammad Bilal Javed Ghumman, Product Lead, Consumer Solutions - Kapu Tech, Salman Tariq, CEO - Davaam, Javeria Masood, Head of Innovation AccLab - Pakistan/ Regional Innovation Specialist at Regional Innovation Center - Bangkok - UNDP","Muhammad Junaid.png (https://dl.airtable.com/.attachments/0aacb1a949bda87e9811e279c9fe16bf/dd1018b9/MuhammadJunaid.png),Muhammad Bilal Javed Ghumman.png (https://dl.airtable.com/.attachments/d2afbb4fd2d9c565b7f8c8141db067e2/1acd1da1/MuhammadBilalJavedGhumman.png),Salman Tariq.png (https://dl.airtable.com/.attachments/d3e73c4ae64dd424441c6f7b08d1285c/21c8bfe4/SalmanTariq.png)","","Orion Auditorium @Convention"
"Information Warfare ",""Day 3 - Sunday, 8 Jan"","16:20","Media &amp; Journalism","Fireside Chat","Puruesh Chaudhary, Founding CEO - Foresight Lab, Azaz Syed , Senior Correspondent on - Geo News/The News ","Azaz Syed.png (https://dl.airtable.com/.attachments/7b37a06a7b1081d16fa177347bec9dba/e872692e/AzazSyed.png)","Amir Jahangir, Chief Executive Officer  - Mishal Pakistan ","Orion Auditorium @Convention"
"Is Youth Ready for the Future? Using Media for Advocacy",""Day 3 - Sunday, 8 Jan"","16:50","Media &amp; Journalism","Panel Discussion","Ramma Cheema, Anchor/Founder - PTV/Beti, Sana Maqbool, General Manager Corporate Relations - NUST, Noor Waheed, Senior Research Associate - Digital Rights Foundation, Durlabh Ashok, Global Board Member - Plant-for-the-Planet Initiative","Ramma Cheema.png (https://dl.airtable.com/.attachments/550312fc62cd622f2e82b97e0f928ef0/6fb2f743/RammaCheema.png),Sana Maqbool.png (https://dl.airtable.com/.attachments/fa3b485f98a742cafd2bb39485ef66a1/8cbf6520/SanaMaqbool.png),Noor Waheed.png (https://dl.airtable.com/.attachments/36c5bd8a7bcd963b70384d9bb267ec36/22f5e7c2/NoorWaheed.png),Durlabh Ashok.png (https://dl.airtable.com/.attachments/3e3044ad7d948bac66969eb3107abdb1/3bbb2e72/DurlabhAshok.png)","Eisha Zeb, Partner - OVentures","Orion Auditorium @Convention"
"Roundtable: ",""Day 3 - Sunday, 8 Jan"","11:30 - 13:00","Health &amp; Wellness","Roundtable","","","Sayed Sana Shah, Program Manager - National Incubation Center, Karachi","Roundtable Room"
"Roundtable: Digital Pharma MOOT ",""Day 3 - Sunday, 8 Jan"","15:00 - 16:30","Health &amp; Wellness","Roundtable","M. Haroon Qassim, Managing Director - PharmEvo (Pvt.) Ltd","M. Haroon Qassim.png (https://dl.airtable.com/.attachments/cbd2634233e4d48c69e525e00c0b0815/39c6be7b/M.HaroonQassim.png)","","Roundtable Room"
"Roundtable: The Pakistan Opportunity: Global Investors and Startups",""Day 3 - Sunday, 8 Jan"","16:30 - 18:00","Entreprenuership","Roundtable","Mubariz Siddiqui, Founder - Carbon Law","Mubariz Siddiqui.png (https://dl.airtable.com/.attachments/6982408a3895efb884aee2d7b1df0ebc/e24399e8/MubarizSiddiqui.png)","","Roundtable Room"